<?xml version="1.0" encoding="UTF-8"?>
<flashcard>
	<term>
		<![CDATA[
			<p><strong>Le portrait moral</strong>. Quelle impression se d&eacute;gage de la derni&egrave;re phrase du paragraphe ? Revelez les mots qui justifient votre r&eacute;ponse.</p>
		]]>
	</term>

	<definition>
		<![CDATA[
			<p class='orange'>Kensuk&eacute; est en col&egrave;re et a l'air d'&ecirc;tre d&eacute;rang&eacute; par la venue de ce gar&ccedil;on. Par exemple, ce sont les verbes &laquo; tremblait &raquo;, &laquo; lan&ccedil;aient &raquo;, qui me donnent cette impression.</p>
		]]>
	</definition>

	<sidebar><![CDATA[
			<p>Il était tout petit, pas plus grand que moi, et c'était le plus vieil homme que j'aie jamais vu. Il ne
			portait rien d'autre qu'un vieux pantalon noué autour de la taille. Un grand couteau était enfilé dans
			sa ceinture. Il était maigre, aussi. À certains endroits, autour du cou et de sa taille, sa peau cuivrée
			pendait en plis, comme s'il avait rétréci à l'intérieur. Le peu de cheveux qu'il avait sur la tête et les
			poils de la petite barbe qui pendait à son menton étaient fins, longs, blancs.</p>
			<p>Je vis immédiatement qu'il était très agité. Son menton tremblait, ses yeux aux paupières
			tombantes lançaient des regards accusateurs et furieux. (p. 65)</p>
			<img src="media/image01.png"/>
			
		  ]]>
	</sidebar>
</flashcard>
