<?xml version="1.0" encoding="UTF-8"?>
<flashcard>
	<term>
		<![CDATA[
			<p>Regardez l'illustration ce-dessus. D&eacute;crivez Kensuk&eacute; de fa&ccedil;on &agrave; ce que son portrait moral soit contraire &agrave; celui fait dans la derni&egrave;re phrase du paragraphe.</p>
		]]>
	</term>

	<definition>
		<![CDATA[
			<p class="orange">Son menton était fixe, ses yeux aux paupières vives envoyaient des regards doux et rassurants.</p>
		]]>
	</definition>

	<sidebar><![CDATA[
			<p>Il était tout petit, pas plus grand que moi, et c'était le plus vieil homme que j'aie jamais vu. Il ne
			portait rien d'autre qu'un vieux pantalon noué autour de la taille. Un grand couteau était enfilé dans
			sa ceinture. Il était maigre, aussi. À certains endroits, autour du cou et de sa taille, sa peau cuivrée
			pendait en plis, comme s'il avait rétréci à l'intérieur. Le peu de cheveux qu'il avait sur la tête et les
			poils de la petite barbe qui pendait à son menton étaient fins, longs, blancs.</p>
			<p>Je vis immédiatement qu'il était très agité. Son menton tremblait, ses yeux aux paupières
			tombantes lançaient des regards accusateurs et furieux. (p. 65)</p>
			<img src="media/image01.png"/>
			
		  ]]>
	</sidebar>
</flashcard>
